edit,readCount,site,line,guides,array,version,rep,sample,position
ACAGT,31774,RNF2,B16,RNF2,array1,v1,rep1,B16_D10_RNF2_array1_v1_rep1,6.0
ATATT,46259,RNF2,B16,RNF2,array1,v1,rep1,B16_D10_RNF2_array1_v1_rep1,5.0
GTCAG,10350,RNF2,B16,RNF2,array1,v1,rep1,B16_D10_RNF2_array1_v1_rep1,3.0
GTTCA,29817,RNF2,B16,RNF2,array1,v1,rep1,B16_D10_RNF2_array1_v1_rep1,8.0
None,47864,RNF2,B16,RNF2,array1,v1,rep1,B16_D10_RNF2_array1_v1_rep1,
Other,3603,RNF2,B16,RNF2,array1,v1,rep1,B16_D10_RNF2_array1_v1_rep1,
TATCA,14545,RNF2,B16,RNF2,array1,v1,rep1,B16_D10_RNF2_array1_v1_rep1,2.0
TCCAA,5460,RNF2,B16,RNF2,array1,v1,rep1,B16_D10_RNF2_array1_v1_rep1,1.0
TGCCA,35213,RNF2,B16,RNF2,array1,v1,rep1,B16_D10_RNF2_array1_v1_rep1,4.0
TTCCT,36275,RNF2,B16,RNF2,array1,v1,rep1,B16_D10_RNF2_array1_v1_rep1,7.0
AATCG,5394,HEK3,B16,HER,24mer,v1,rep2,B16_D10_HER_24mer_v1_rep2,2.0
ATCAA,15434,HEK3,B16,HER,24mer,v1,rep2,B16_D10_HER_24mer_v1_rep2,6.0
ATTTA,11289,HEK3,B16,HER,24mer,v1,rep2,B16_D10_HER_24mer_v1_rep2,8.0
CTCTC,20338,HEK3,B16,HER,24mer,v1,rep2,B16_D10_HER_24mer_v1_rep2,7.0
CTTTG,17956,HEK3,B16,HER,24mer,v1,rep2,B16_D10_HER_24mer_v1_rep2,5.0
GATAG,8455,HEK3,B16,HER,24mer,v1,rep2,B16_D10_HER_24mer_v1_rep2,1.0
GCAAG,9259,HEK3,B16,HER,24mer,v1,rep2,B16_D10_HER_24mer_v1_rep2,3.0
GCGCC,12659,HEK3,B16,HER,24mer,v1,rep2,B16_D10_HER_24mer_v1_rep2,4.0
None,8216,HEK3,B16,HER,24mer,v1,rep2,B16_D10_HER_24mer_v1_rep2,
Other,4043,HEK3,B16,HER,24mer,v1,rep2,B16_D10_HER_24mer_v1_rep2,
ACAAT,16466,EMX1,B16,HER,24mer,v1,rep2,B16_D10_HER_24mer_v1_rep2,2.0
AGTAC,11345,EMX1,B16,HER,24mer,v1,rep2,B16_D10_HER_24mer_v1_rep2,4.0
ATCAA,19023,EMX1,B16,HER,24mer,v1,rep2,B16_D10_HER_24mer_v1_rep2,7.0
ATTCG,5546,EMX1,B16,HER,24mer,v1,rep2,B16_D10_HER_24mer_v1_rep2,8.0
CCCTA,16782,EMX1,B16,HER,24mer,v1,rep2,B16_D10_HER_24mer_v1_rep2,3.0
CCGAT,7239,EMX1,B16,HER,24mer,v1,rep2,B16_D10_HER_24mer_v1_rep2,5.0
CCTTT,9847,EMX1,B16,HER,24mer,v1,rep2,B16_D10_HER_24mer_v1_rep2,6.0
GGACA,13955,EMX1,B16,HER,24mer,v1,rep2,B16_D10_HER_24mer_v1_rep2,1.0
None,10258,EMX1,B16,HER,24mer,v1,rep2,B16_D10_HER_24mer_v1_rep2,
Other,2582,EMX1,B16,HER,24mer,v1,rep2,B16_D10_HER_24mer_v1_rep2,
ACAGT,18302,RNF2,B16,HER,24mer,v1,rep2,B16_D10_HER_24mer_v1_rep2,1.0
ACTCC,10035,RNF2,B16,HER,24mer,v1,rep2,B16_D10_HER_24mer_v1_rep2,8.0
ACTTA,13871,RNF2,B16,HER,24mer,v1,rep2,B16_D10_HER_24mer_v1_rep2,2.0
GTTCA,9774,RNF2,B16,HER,24mer,v1,rep2,B16_D10_HER_24mer_v1_rep2,5.0
None,8991,RNF2,B16,HER,24mer,v1,rep2,B16_D10_HER_24mer_v1_rep2,
Other,1962,RNF2,B16,HER,24mer,v1,rep2,B16_D10_HER_24mer_v1_rep2,
TATAT,11318,RNF2,B16,HER,24mer,v1,rep2,B16_D10_HER_24mer_v1_rep2,4.0
TCCAA,12009,RNF2,B16,HER,24mer,v1,rep2,B16_D10_HER_24mer_v1_rep2,7.0
TGCCA,12041,RNF2,B16,HER,24mer,v1,rep2,B16_D10_HER_24mer_v1_rep2,6.0
TTCCT,14740,RNF2,B16,HER,24mer,v1,rep2,B16_D10_HER_24mer_v1_rep2,3.0
AATCG,6607,HEK3,B16,HER,24mer,v1,rep1,B16_D10_HER_24mer_v1_rep1,2.0
ATCAA,15263,HEK3,B16,HER,24mer,v1,rep1,B16_D10_HER_24mer_v1_rep1,6.0
ATTTA,9075,HEK3,B16,HER,24mer,v1,rep1,B16_D10_HER_24mer_v1_rep1,8.0
CTCTC,19661,HEK3,B16,HER,24mer,v1,rep1,B16_D10_HER_24mer_v1_rep1,7.0
CTTTG,18745,HEK3,B16,HER,24mer,v1,rep1,B16_D10_HER_24mer_v1_rep1,5.0
GATAG,8361,HEK3,B16,HER,24mer,v1,rep1,B16_D10_HER_24mer_v1_rep1,1.0
GCAAG,7360,HEK3,B16,HER,24mer,v1,rep1,B16_D10_HER_24mer_v1_rep1,3.0
GCGCC,11903,HEK3,B16,HER,24mer,v1,rep1,B16_D10_HER_24mer_v1_rep1,4.0
None,9703,HEK3,B16,HER,24mer,v1,rep1,B16_D10_HER_24mer_v1_rep1,
Other,4128,HEK3,B16,HER,24mer,v1,rep1,B16_D10_HER_24mer_v1_rep1,
ACAAT,16072,EMX1,B16,HER,24mer,v1,rep1,B16_D10_HER_24mer_v1_rep1,2.0
AGTAC,10062,EMX1,B16,HER,24mer,v1,rep1,B16_D10_HER_24mer_v1_rep1,4.0
ATCAA,19110,EMX1,B16,HER,24mer,v1,rep1,B16_D10_HER_24mer_v1_rep1,7.0
ATTCG,5663,EMX1,B16,HER,24mer,v1,rep1,B16_D10_HER_24mer_v1_rep1,8.0
CCCTA,15614,EMX1,B16,HER,24mer,v1,rep1,B16_D10_HER_24mer_v1_rep1,3.0
CCGAT,7256,EMX1,B16,HER,24mer,v1,rep1,B16_D10_HER_24mer_v1_rep1,5.0
CCTTT,10741,EMX1,B16,HER,24mer,v1,rep1,B16_D10_HER_24mer_v1_rep1,6.0
GGACA,11839,EMX1,B16,HER,24mer,v1,rep1,B16_D10_HER_24mer_v1_rep1,1.0
None,12072,EMX1,B16,HER,24mer,v1,rep1,B16_D10_HER_24mer_v1_rep1,
Other,2377,EMX1,B16,HER,24mer,v1,rep1,B16_D10_HER_24mer_v1_rep1,
ACAGT,15317,RNF2,B16,HER,24mer,v1,rep1,B16_D10_HER_24mer_v1_rep1,1.0
ACTCC,9891,RNF2,B16,HER,24mer,v1,rep1,B16_D10_HER_24mer_v1_rep1,8.0
ACTTA,14452,RNF2,B16,HER,24mer,v1,rep1,B16_D10_HER_24mer_v1_rep1,2.0
GTTCA,9119,RNF2,B16,HER,24mer,v1,rep1,B16_D10_HER_24mer_v1_rep1,5.0
None,11279,RNF2,B16,HER,24mer,v1,rep1,B16_D10_HER_24mer_v1_rep1,
Other,1823,RNF2,B16,HER,24mer,v1,rep1,B16_D10_HER_24mer_v1_rep1,
TATAT,11192,RNF2,B16,HER,24mer,v1,rep1,B16_D10_HER_24mer_v1_rep1,4.0
TCCAA,10763,RNF2,B16,HER,24mer,v1,rep1,B16_D10_HER_24mer_v1_rep1,7.0
TGCCA,10966,RNF2,B16,HER,24mer,v1,rep1,B16_D10_HER_24mer_v1_rep1,6.0
TTCCT,16004,RNF2,B16,HER,24mer,v1,rep1,B16_D10_HER_24mer_v1_rep1,3.0
ATCAA,15976,HEK3,B16,HEK3,array1,v1,rep1,B16_D10_HEK3_array1_v1_rep1,3.0
ATGCC,54593,HEK3,B16,HEK3,array1,v1,rep1,B16_D10_HEK3_array1_v1_rep1,5.0
CACAC,26527,HEK3,B16,HEK3,array1,v1,rep1,B16_D10_HEK3_array1_v1_rep1,7.0
CACCA,13558,HEK3,B16,HEK3,array1,v1,rep1,B16_D10_HEK3_array1_v1_rep1,2.0
CTAAG,31827,HEK3,B16,HEK3,array1,v1,rep1,B16_D10_HEK3_array1_v1_rep1,4.0
CTCTC,13233,HEK3,B16,HEK3,array1,v1,rep1,B16_D10_HEK3_array1_v1_rep1,1.0
CTTTG,20113,HEK3,B16,HEK3,array1,v1,rep1,B16_D10_HEK3_array1_v1_rep1,8.0
GATAG,52242,HEK3,B16,HEK3,array1,v1,rep1,B16_D10_HEK3_array1_v1_rep1,6.0
None,32855,HEK3,B16,HEK3,array1,v1,rep1,B16_D10_HEK3_array1_v1_rep1,
Other,4904,HEK3,B16,HEK3,array1,v1,rep1,B16_D10_HEK3_array1_v1_rep1,
AACCG,127635,HEK3,B16,HEK3,array1,v2,rep1,B16_D10_HEK3_array1_v2_rep1,5.0
ATAGG,101417,HEK3,B16,HEK3,array1,v2,rep1,B16_D10_HEK3_array1_v2_rep1,1.0
ATCAA,85834,HEK3,B16,HEK3,array1,v2,rep1,B16_D10_HEK3_array1_v2_rep1,7.0
ATTTA,54937,HEK3,B16,HEK3,array1,v2,rep1,B16_D10_HEK3_array1_v2_rep1,8.0
CCCAC,57317,HEK3,B16,HEK3,array1,v2,rep1,B16_D10_HEK3_array1_v2_rep1,2.0
CTCTC,114749,HEK3,B16,HEK3,array1,v2,rep1,B16_D10_HEK3_array1_v2_rep1,6.0
GCAAG,93347,HEK3,B16,HEK3,array1,v2,rep1,B16_D10_HEK3_array1_v2_rep1,3.0
GCGCC,72755,HEK3,B16,HEK3,array1,v2,rep1,B16_D10_HEK3_array1_v2_rep1,4.0
None,53294,HEK3,B16,HEK3,array1,v2,rep1,B16_D10_HEK3_array1_v2_rep1,
Other,53538,HEK3,B16,HEK3,array1,v2,rep1,B16_D10_HEK3_array1_v2_rep1,
AACCG,140056,HEK3,B16,HEK3,array1,v2,rep2,B16_D10_HEK3_array1_v2_rep2,5.0
ATAGG,148717,HEK3,B16,HEK3,array1,v2,rep2,B16_D10_HEK3_array1_v2_rep2,1.0
ATCAA,104396,HEK3,B16,HEK3,array1,v2,rep2,B16_D10_HEK3_array1_v2_rep2,7.0
ATTTA,84166,HEK3,B16,HEK3,array1,v2,rep2,B16_D10_HEK3_array1_v2_rep2,8.0
CCCAC,91045,HEK3,B16,HEK3,array1,v2,rep2,B16_D10_HEK3_array1_v2_rep2,2.0
CTCTC,126353,HEK3,B16,HEK3,array1,v2,rep2,B16_D10_HEK3_array1_v2_rep2,6.0
GCAAG,122840,HEK3,B16,HEK3,array1,v2,rep2,B16_D10_HEK3_array1_v2_rep2,3.0
GCGCC,83815,HEK3,B16,HEK3,array1,v2,rep2,B16_D10_HEK3_array1_v2_rep2,4.0
None,79351,HEK3,B16,HEK3,array1,v2,rep2,B16_D10_HEK3_array1_v2_rep2,
Other,52622,HEK3,B16,HEK3,array1,v2,rep2,B16_D10_HEK3_array1_v2_rep2,
ATCAA,5840,HEK3,B16,HEK3,array1,v1,rep2,B16_D10_HEK3_array1_v1_rep2,3.0
ATGCC,16531,HEK3,B16,HEK3,array1,v1,rep2,B16_D10_HEK3_array1_v1_rep2,5.0
CACAC,10002,HEK3,B16,HEK3,array1,v1,rep2,B16_D10_HEK3_array1_v1_rep2,7.0
CACCA,5482,HEK3,B16,HEK3,array1,v1,rep2,B16_D10_HEK3_array1_v1_rep2,2.0
CTAAG,11908,HEK3,B16,HEK3,array1,v1,rep2,B16_D10_HEK3_array1_v1_rep2,4.0
CTCTC,5119,HEK3,B16,HEK3,array1,v1,rep2,B16_D10_HEK3_array1_v1_rep2,1.0
CTTTG,7452,HEK3,B16,HEK3,array1,v1,rep2,B16_D10_HEK3_array1_v1_rep2,8.0
GATAG,10429,HEK3,B16,HEK3,array1,v1,rep2,B16_D10_HEK3_array1_v1_rep2,6.0
None,97416,HEK3,B16,HEK3,array1,v1,rep2,B16_D10_HEK3_array1_v1_rep2,
Other,4417,HEK3,B16,HEK3,array1,v1,rep2,B16_D10_HEK3_array1_v1_rep2,
ACAAT,14945,EMX1,B16,EMX1,array2,v1,rep2,B16_D10_EMX1_array2_v1_rep2,2.0
ATCCT,23802,EMX1,B16,EMX1,array2,v1,rep2,B16_D10_EMX1_array2_v1_rep2,4.0
CAAAT,5242,EMX1,B16,EMX1,array2,v1,rep2,B16_D10_EMX1_array2_v1_rep2,8.0
CATGT,3904,EMX1,B16,EMX1,array2,v1,rep2,B16_D10_EMX1_array2_v1_rep2,5.0
CCCTA,18768,EMX1,B16,EMX1,array2,v1,rep2,B16_D10_EMX1_array2_v1_rep2,6.0
CCTTT,12433,EMX1,B16,EMX1,array2,v1,rep2,B16_D10_EMX1_array2_v1_rep2,7.0
CTTCA,3087,EMX1,B16,EMX1,array2,v1,rep2,B16_D10_EMX1_array2_v1_rep2,3.0
GGACA,6886,EMX1,B16,EMX1,array2,v1,rep2,B16_D10_EMX1_array2_v1_rep2,1.0
None,83492,EMX1,B16,EMX1,array2,v1,rep2,B16_D10_EMX1_array2_v1_rep2,
Other,4355,EMX1,B16,EMX1,array2,v1,rep2,B16_D10_EMX1_array2_v1_rep2,
ACAAT,135550,EMX1,B16,EMX1,array2,v2,rep1,B16_D10_EMX1_array2_v2_rep1,2.0
AGTAC,102820,EMX1,B16,EMX1,array2,v2,rep1,B16_D10_EMX1_array2_v2_rep1,4.0
ATCAA,208149,EMX1,B16,EMX1,array2,v2,rep1,B16_D10_EMX1_array2_v2_rep1,7.0
ATTCG,56745,EMX1,B16,EMX1,array2,v2,rep1,B16_D10_EMX1_array2_v2_rep1,8.0
CCCTA,161587,EMX1,B16,EMX1,array2,v2,rep1,B16_D10_EMX1_array2_v2_rep1,3.0
CCGAT,81083,EMX1,B16,EMX1,array2,v2,rep1,B16_D10_EMX1_array2_v2_rep1,5.0
CCTTT,108290,EMX1,B16,EMX1,array2,v2,rep1,B16_D10_EMX1_array2_v2_rep1,6.0
GGACA,59304,EMX1,B16,EMX1,array2,v2,rep1,B16_D10_EMX1_array2_v2_rep1,1.0
None,50237,EMX1,B16,EMX1,array2,v2,rep1,B16_D10_EMX1_array2_v2_rep1,
Other,31446,EMX1,B16,EMX1,array2,v2,rep1,B16_D10_EMX1_array2_v2_rep1,
ACAAT,32800,EMX1,B16,EMX1,array2,v1,rep1,B16_D10_EMX1_array2_v1_rep1,2.0
ATCCT,65171,EMX1,B16,EMX1,array2,v1,rep1,B16_D10_EMX1_array2_v1_rep1,4.0
CAAAT,14461,EMX1,B16,EMX1,array2,v1,rep1,B16_D10_EMX1_array2_v1_rep1,8.0
CATGT,15777,EMX1,B16,EMX1,array2,v1,rep1,B16_D10_EMX1_array2_v1_rep1,5.0
CCCTA,42504,EMX1,B16,EMX1,array2,v1,rep1,B16_D10_EMX1_array2_v1_rep1,6.0
CCTTT,37294,EMX1,B16,EMX1,array2,v1,rep1,B16_D10_EMX1_array2_v1_rep1,7.0
CTTCA,9596,EMX1,B16,EMX1,array2,v1,rep1,B16_D10_EMX1_array2_v1_rep1,3.0
GGACA,19490,EMX1,B16,EMX1,array2,v1,rep1,B16_D10_EMX1_array2_v1_rep1,1.0
None,25731,EMX1,B16,EMX1,array2,v1,rep1,B16_D10_EMX1_array2_v1_rep1,
Other,4037,EMX1,B16,EMX1,array2,v1,rep1,B16_D10_EMX1_array2_v1_rep1,
ACAAT,130463,EMX1,B16,EMX1,array3,v2,rep2,B16_D10_EMX1_array3_v2_rep2,2.0
AGTAC,120492,EMX1,B16,EMX1,array3,v2,rep2,B16_D10_EMX1_array3_v2_rep2,6.0
ATCAA,198755,EMX1,B16,EMX1,array3,v2,rep2,B16_D10_EMX1_array3_v2_rep2,3.0
ATTCG,43551,EMX1,B16,EMX1,array3,v2,rep2,B16_D10_EMX1_array3_v2_rep2,7.0
CCCTA,176773,EMX1,B16,EMX1,array3,v2,rep2,B16_D10_EMX1_array3_v2_rep2,4.0
CCTTT,105129,EMX1,B16,EMX1,array3,v2,rep2,B16_D10_EMX1_array3_v2_rep2,8.0
CTGTT,36206,EMX1,B16,EMX1,array3,v2,rep2,B16_D10_EMX1_array3_v2_rep2,5.0
GGACA,67767,EMX1,B16,EMX1,array3,v2,rep2,B16_D10_EMX1_array3_v2_rep2,1.0
None,55266,EMX1,B16,EMX1,array3,v2,rep2,B16_D10_EMX1_array3_v2_rep2,
Other,27111,EMX1,B16,EMX1,array3,v2,rep2,B16_D10_EMX1_array3_v2_rep2,
ACAAT,123341,EMX1,B16,EMX1,array3,v2,rep1,B16_D10_EMX1_array3_v2_rep1,2.0
AGTAC,109040,EMX1,B16,EMX1,array3,v2,rep1,B16_D10_EMX1_array3_v2_rep1,6.0
ATCAA,211747,EMX1,B16,EMX1,array3,v2,rep1,B16_D10_EMX1_array3_v2_rep1,3.0
ATTCG,47684,EMX1,B16,EMX1,array3,v2,rep1,B16_D10_EMX1_array3_v2_rep1,7.0
CCCTA,158126,EMX1,B16,EMX1,array3,v2,rep1,B16_D10_EMX1_array3_v2_rep1,4.0
CCTTT,115627,EMX1,B16,EMX1,array3,v2,rep1,B16_D10_EMX1_array3_v2_rep1,8.0
CTGTT,37629,EMX1,B16,EMX1,array3,v2,rep1,B16_D10_EMX1_array3_v2_rep1,5.0
GGACA,58012,EMX1,B16,EMX1,array3,v2,rep1,B16_D10_EMX1_array3_v2_rep1,1.0
None,67130,EMX1,B16,EMX1,array3,v2,rep1,B16_D10_EMX1_array3_v2_rep1,
Other,21515,EMX1,B16,EMX1,array3,v2,rep1,B16_D10_EMX1_array3_v2_rep1,
ACAAT,124228,EMX1,B16,EMX1,array2,v2,rep2,B16_D10_EMX1_array2_v2_rep2,2.0
AGTAC,96209,EMX1,B16,EMX1,array2,v2,rep2,B16_D10_EMX1_array2_v2_rep2,4.0
ATCAA,204354,EMX1,B16,EMX1,array2,v2,rep2,B16_D10_EMX1_array2_v2_rep2,7.0
ATTCG,49806,EMX1,B16,EMX1,array2,v2,rep2,B16_D10_EMX1_array2_v2_rep2,8.0
CCCTA,143282,EMX1,B16,EMX1,array2,v2,rep2,B16_D10_EMX1_array2_v2_rep2,3.0
CCGAT,64769,EMX1,B16,EMX1,array2,v2,rep2,B16_D10_EMX1_array2_v2_rep2,5.0
CCTTT,104632,EMX1,B16,EMX1,array2,v2,rep2,B16_D10_EMX1_array2_v2_rep2,6.0
GGACA,60643,EMX1,B16,EMX1,array2,v2,rep2,B16_D10_EMX1_array2_v2_rep2,1.0
None,54737,EMX1,B16,EMX1,array2,v2,rep2,B16_D10_EMX1_array2_v2_rep2,
Other,20707,EMX1,B16,EMX1,array2,v2,rep2,B16_D10_EMX1_array2_v2_rep2,
AGTAC,23004,EMX1,B16,EMX1,array3,v1,rep1,B16_D10_EMX1_array3_v1_rep1,2.0
AGTGT,24375,EMX1,B16,EMX1,array3,v1,rep1,B16_D10_EMX1_array3_v1_rep1,3.0
ATTCG,24480,EMX1,B16,EMX1,array3,v1,rep1,B16_D10_EMX1_array3_v1_rep1,8.0
CCCTA,58419,EMX1,B16,EMX1,array3,v1,rep1,B16_D10_EMX1_array3_v1_rep1,7.0
CCTTT,33102,EMX1,B16,EMX1,array3,v1,rep1,B16_D10_EMX1_array3_v1_rep1,6.0
CTGTT,15630,EMX1,B16,EMX1,array3,v1,rep1,B16_D10_EMX1_array3_v1_rep1,4.0
CTTCA,4934,EMX1,B16,EMX1,array3,v1,rep1,B16_D10_EMX1_array3_v1_rep1,1.0
GCACT,61073,EMX1,B16,EMX1,array3,v1,rep1,B16_D10_EMX1_array3_v1_rep1,5.0
None,35664,EMX1,B16,EMX1,array3,v1,rep1,B16_D10_EMX1_array3_v1_rep1,
Other,5942,EMX1,B16,EMX1,array3,v1,rep1,B16_D10_EMX1_array3_v1_rep1,
AATCG,86283,HEK3,B16,HEK3,array2,v2,rep2,B16_D10_HEK3_array2_v2_rep2,2.0
ATCAA,126587,HEK3,B16,HEK3,array2,v2,rep2,B16_D10_HEK3_array2_v2_rep2,6.0
ATTTA,76166,HEK3,B16,HEK3,array2,v2,rep2,B16_D10_HEK3_array2_v2_rep2,8.0
CTCTC,122552,HEK3,B16,HEK3,array2,v2,rep2,B16_D10_HEK3_array2_v2_rep2,7.0
CTTTG,122447,HEK3,B16,HEK3,array2,v2,rep2,B16_D10_HEK3_array2_v2_rep2,5.0
GATAG,107832,HEK3,B16,HEK3,array2,v2,rep2,B16_D10_HEK3_array2_v2_rep2,1.0
GCAAG,115193,HEK3,B16,HEK3,array2,v2,rep2,B16_D10_HEK3_array2_v2_rep2,3.0
GCGCC,80595,HEK3,B16,HEK3,array2,v2,rep2,B16_D10_HEK3_array2_v2_rep2,4.0
None,47947,HEK3,B16,HEK3,array2,v2,rep2,B16_D10_HEK3_array2_v2_rep2,
Other,41781,HEK3,B16,HEK3,array2,v2,rep2,B16_D10_HEK3_array2_v2_rep2,
AACCG,28722,HEK3,B16,HEK3,array2,v1,rep1,B16_D10_HEK3_array2_v1_rep1,5.0
ATAGG,22657,HEK3,B16,HEK3,array2,v1,rep1,B16_D10_HEK3_array2_v1_rep1,1.0
ATCAA,33190,HEK3,B16,HEK3,array2,v1,rep1,B16_D10_HEK3_array2_v1_rep1,7.0
ATTTA,18768,HEK3,B16,HEK3,array2,v1,rep1,B16_D10_HEK3_array2_v1_rep1,8.0
CCCAC,20526,HEK3,B16,HEK3,array2,v1,rep1,B16_D10_HEK3_array2_v1_rep1,2.0
CTCTC,37585,HEK3,B16,HEK3,array2,v1,rep1,B16_D10_HEK3_array2_v1_rep1,6.0
GATAG,46775,HEK3,B16,HEK3,array2,v1,rep1,B16_D10_HEK3_array2_v1_rep1,3.0
GCGCC,23515,HEK3,B16,HEK3,array2,v1,rep1,B16_D10_HEK3_array2_v1_rep1,4.0
None,19365,HEK3,B16,HEK3,array2,v1,rep1,B16_D10_HEK3_array2_v1_rep1,
Other,13139,HEK3,B16,HEK3,array2,v1,rep1,B16_D10_HEK3_array2_v1_rep1,
AATCG,21288,HEK3,B16,HEK3,array3,v1,rep1,B16_D10_HEK3_array3_v1_rep1,2.0
ACAGT,19509,HEK3,B16,HEK3,array3,v1,rep1,B16_D10_HEK3_array3_v1_rep1,5.0
ACCCG,17232,HEK3,B16,HEK3,array3,v1,rep1,B16_D10_HEK3_array3_v1_rep1,4.0
ACGTT,19868,HEK3,B16,HEK3,array3,v1,rep1,B16_D10_HEK3_array3_v1_rep1,8.0
ATCAA,36708,HEK3,B16,HEK3,array3,v1,rep1,B16_D10_HEK3_array3_v1_rep1,6.0
CTCTC,44388,HEK3,B16,HEK3,array3,v1,rep1,B16_D10_HEK3_array3_v1_rep1,7.0
GATAG,30047,HEK3,B16,HEK3,array3,v1,rep1,B16_D10_HEK3_array3_v1_rep1,1.0
GCAAG,27820,HEK3,B16,HEK3,array3,v1,rep1,B16_D10_HEK3_array3_v1_rep1,3.0
None,56527,HEK3,B16,HEK3,array3,v1,rep1,B16_D10_HEK3_array3_v1_rep1,
Other,5072,HEK3,B16,HEK3,array3,v1,rep1,B16_D10_HEK3_array3_v1_rep1,
AATCG,56396,HEK3,B16,HEK3,array3,v2,rep1,B16_D10_HEK3_array3_v2_rep1,2.0
ATCAA,93066,HEK3,B16,HEK3,array3,v2,rep1,B16_D10_HEK3_array3_v2_rep1,7.0
CACAC,127639,HEK3,B16,HEK3,array3,v2,rep1,B16_D10_HEK3_array3_v2_rep1,8.0
CTAAG,163399,HEK3,B16,HEK3,array3,v2,rep1,B16_D10_HEK3_array3_v2_rep1,4.0
CTCTC,94998,HEK3,B16,HEK3,array3,v2,rep1,B16_D10_HEK3_array3_v2_rep1,3.0
CTTTG,91203,HEK3,B16,HEK3,array3,v2,rep1,B16_D10_HEK3_array3_v2_rep1,6.0
GATAG,69638,HEK3,B16,HEK3,array3,v2,rep1,B16_D10_HEK3_array3_v2_rep1,1.0
GCAAG,97322,HEK3,B16,HEK3,array3,v2,rep1,B16_D10_HEK3_array3_v2_rep1,5.0
None,62069,HEK3,B16,HEK3,array3,v2,rep1,B16_D10_HEK3_array3_v2_rep1,
Other,26935,HEK3,B16,HEK3,array3,v2,rep1,B16_D10_HEK3_array3_v2_rep1,
AATCG,87241,HEK3,B16,HEK3,array2,v2,rep1,B16_D10_HEK3_array2_v2_rep1,2.0
ATCAA,138831,HEK3,B16,HEK3,array2,v2,rep1,B16_D10_HEK3_array2_v2_rep1,6.0
ATTTA,79825,HEK3,B16,HEK3,array2,v2,rep1,B16_D10_HEK3_array2_v2_rep1,8.0
CTCTC,130920,HEK3,B16,HEK3,array2,v2,rep1,B16_D10_HEK3_array2_v2_rep1,7.0
CTTTG,140714,HEK3,B16,HEK3,array2,v2,rep1,B16_D10_HEK3_array2_v2_rep1,5.0
GATAG,98013,HEK3,B16,HEK3,array2,v2,rep1,B16_D10_HEK3_array2_v2_rep1,1.0
GCAAG,108257,HEK3,B16,HEK3,array2,v2,rep1,B16_D10_HEK3_array2_v2_rep1,3.0
GCGCC,82053,HEK3,B16,HEK3,array2,v2,rep1,B16_D10_HEK3_array2_v2_rep1,4.0
None,57774,HEK3,B16,HEK3,array2,v2,rep1,B16_D10_HEK3_array2_v2_rep1,
Other,65720,HEK3,B16,HEK3,array2,v2,rep1,B16_D10_HEK3_array2_v2_rep1,
AACCG,7876,HEK3,B16,HEK3,array2,v1,rep2,B16_D10_HEK3_array2_v1_rep2,5.0
ATAGG,6651,HEK3,B16,HEK3,array2,v1,rep2,B16_D10_HEK3_array2_v1_rep2,1.0
ATCAA,6119,HEK3,B16,HEK3,array2,v1,rep2,B16_D10_HEK3_array2_v1_rep2,7.0
ATTTA,5386,HEK3,B16,HEK3,array2,v1,rep2,B16_D10_HEK3_array2_v1_rep2,8.0
CCCAC,5475,HEK3,B16,HEK3,array2,v1,rep2,B16_D10_HEK3_array2_v1_rep2,2.0
CTCTC,9029,HEK3,B16,HEK3,array2,v1,rep2,B16_D10_HEK3_array2_v1_rep2,6.0
GATAG,13334,HEK3,B16,HEK3,array2,v1,rep2,B16_D10_HEK3_array2_v1_rep2,3.0
GCGCC,6321,HEK3,B16,HEK3,array2,v1,rep2,B16_D10_HEK3_array2_v1_rep2,4.0
None,102592,HEK3,B16,HEK3,array2,v1,rep2,B16_D10_HEK3_array2_v1_rep2,
Other,5230,HEK3,B16,HEK3,array2,v1,rep2,B16_D10_HEK3_array2_v1_rep2,
AATCG,74116,HEK3,B16,HEK3,array3,v2,rep2,B16_D10_HEK3_array3_v2_rep2,2.0
ATCAA,97717,HEK3,B16,HEK3,array3,v2,rep2,B16_D10_HEK3_array3_v2_rep2,7.0
CACAC,133570,HEK3,B16,HEK3,array3,v2,rep2,B16_D10_HEK3_array3_v2_rep2,8.0
CTAAG,158930,HEK3,B16,HEK3,array3,v2,rep2,B16_D10_HEK3_array3_v2_rep2,4.0
CTCTC,101312,HEK3,B16,HEK3,array3,v2,rep2,B16_D10_HEK3_array3_v2_rep2,3.0
CTTTG,100320,HEK3,B16,HEK3,array3,v2,rep2,B16_D10_HEK3_array3_v2_rep2,6.0
GATAG,92754,HEK3,B16,HEK3,array3,v2,rep2,B16_D10_HEK3_array3_v2_rep2,1.0
GCAAG,98495,HEK3,B16,HEK3,array3,v2,rep2,B16_D10_HEK3_array3_v2_rep2,5.0
None,46886,HEK3,B16,HEK3,array3,v2,rep2,B16_D10_HEK3_array3_v2_rep2,
Other,25771,HEK3,B16,HEK3,array3,v2,rep2,B16_D10_HEK3_array3_v2_rep2,
AATCG,8408,HEK3,B16,HEK3,array3,v1,rep2,B16_D10_HEK3_array3_v1_rep2,2.0
ACAGT,6666,HEK3,B16,HEK3,array3,v1,rep2,B16_D10_HEK3_array3_v1_rep2,5.0
ACCCG,5525,HEK3,B16,HEK3,array3,v1,rep2,B16_D10_HEK3_array3_v1_rep2,4.0
ACGTT,3394,HEK3,B16,HEK3,array3,v1,rep2,B16_D10_HEK3_array3_v1_rep2,8.0
ATCAA,12155,HEK3,B16,HEK3,array3,v1,rep2,B16_D10_HEK3_array3_v1_rep2,6.0
CTCTC,13740,HEK3,B16,HEK3,array3,v1,rep2,B16_D10_HEK3_array3_v1_rep2,7.0
GATAG,9427,HEK3,B16,HEK3,array3,v1,rep2,B16_D10_HEK3_array3_v1_rep2,1.0
GCAAG,9644,HEK3,B16,HEK3,array3,v1,rep2,B16_D10_HEK3_array3_v1_rep2,3.0
None,107415,HEK3,B16,HEK3,array3,v1,rep2,B16_D10_HEK3_array3_v1_rep2,
Other,4441,HEK3,B16,HEK3,array3,v1,rep2,B16_D10_HEK3_array3_v1_rep2,
ACAGT,10524,RNF2,B16,RNF2,array2,v1,rep2,B16_D10_RNF2_array2_v1_rep2,3.0
ATATC,11371,RNF2,B16,RNF2,array2,v1,rep2,B16_D10_RNF2_array2_v1_rep2,8.0
ATCGA,4667,RNF2,B16,RNF2,array2,v1,rep2,B16_D10_RNF2_array2_v1_rep2,2.0
GCTTC,3024,RNF2,B16,RNF2,array2,v1,rep2,B16_D10_RNF2_array2_v1_rep2,1.0
GTCAG,5060,RNF2,B16,RNF2,array2,v1,rep2,B16_D10_RNF2_array2_v1_rep2,7.0
None,93585,RNF2,B16,RNF2,array2,v1,rep2,B16_D10_RNF2_array2_v1_rep2,
Other,4920,RNF2,B16,RNF2,array2,v1,rep2,B16_D10_RNF2_array2_v1_rep2,
TCCAA,8894,RNF2,B16,RNF2,array2,v1,rep2,B16_D10_RNF2_array2_v1_rep2,6.0
TCTTT,14468,RNF2,B16,RNF2,array2,v1,rep2,B16_D10_RNF2_array2_v1_rep2,5.0
TGCCG,11147,RNF2,B16,RNF2,array2,v1,rep2,B16_D10_RNF2_array2_v1_rep2,4.0
ACAGT,34647,RNF2,B16,RNF2,array2,v1,rep1,B16_D10_RNF2_array2_v1_rep1,3.0
ATATC,23851,RNF2,B16,RNF2,array2,v1,rep1,B16_D10_RNF2_array2_v1_rep1,8.0
ATCGA,13296,RNF2,B16,RNF2,array2,v1,rep1,B16_D10_RNF2_array2_v1_rep1,2.0
GCTTC,11663,RNF2,B16,RNF2,array2,v1,rep1,B16_D10_RNF2_array2_v1_rep1,1.0
GTCAG,19874,RNF2,B16,RNF2,array2,v1,rep1,B16_D10_RNF2_array2_v1_rep1,7.0
None,37892,RNF2,B16,RNF2,array2,v1,rep1,B16_D10_RNF2_array2_v1_rep1,
Other,4933,RNF2,B16,RNF2,array2,v1,rep1,B16_D10_RNF2_array2_v1_rep1,
TCCAA,34519,RNF2,B16,RNF2,array2,v1,rep1,B16_D10_RNF2_array2_v1_rep1,6.0
TCTTT,60871,RNF2,B16,RNF2,array2,v1,rep1,B16_D10_RNF2_array2_v1_rep1,5.0
TGCCG,27346,RNF2,B16,RNF2,array2,v1,rep1,B16_D10_RNF2_array2_v1_rep1,4.0
ACTGT,86879,RNF2,B16,RNF2,array2,v2,rep1,B16_D10_RNF2_array2_v2_rep1,1.0
AGGAA,156147,RNF2,B16,RNF2,array2,v2,rep1,B16_D10_RNF2_array2_v2_rep1,8.0
ATATA,145666,RNF2,B16,RNF2,array2,v2,rep1,B16_D10_RNF2_array2_v2_rep1,3.0
CGGCA,103443,RNF2,B16,RNF2,array2,v2,rep1,B16_D10_RNF2_array2_v2_rep1,7.0
GATAT,73685,RNF2,B16,RNF2,array2,v2,rep1,B16_D10_RNF2_array2_v2_rep1,6.0
GGAGT,58105,RNF2,B16,RNF2,array2,v2,rep1,B16_D10_RNF2_array2_v2_rep1,5.0
None,84779,RNF2,B16,RNF2,array2,v2,rep1,B16_D10_RNF2_array2_v2_rep1,
Other,20063,RNF2,B16,RNF2,array2,v2,rep1,B16_D10_RNF2_array2_v2_rep1,
TAAGT,89060,RNF2,B16,RNF2,array2,v2,rep1,B16_D10_RNF2_array2_v2_rep1,2.0
TTGGA,146204,RNF2,B16,RNF2,array2,v2,rep1,B16_D10_RNF2_array2_v2_rep1,4.0
ACAGT,9593,RNF2,B16,RNF2,array1,v1,rep2,B16_D10_RNF2_array1_v1_rep2,6.0
ATATT,15773,RNF2,B16,RNF2,array1,v1,rep2,B16_D10_RNF2_array1_v1_rep2,5.0
GTCAG,6204,RNF2,B16,RNF2,array1,v1,rep2,B16_D10_RNF2_array1_v1_rep2,3.0
GTTCA,10121,RNF2,B16,RNF2,array1,v1,rep2,B16_D10_RNF2_array1_v1_rep2,8.0
None,98885,RNF2,B16,RNF2,array1,v1,rep2,B16_D10_RNF2_array1_v1_rep2,
Other,4743,RNF2,B16,RNF2,array1,v1,rep2,B16_D10_RNF2_array1_v1_rep2,
TATCA,7129,RNF2,B16,RNF2,array1,v1,rep2,B16_D10_RNF2_array1_v1_rep2,2.0
TCCAA,2821,RNF2,B16,RNF2,array1,v1,rep2,B16_D10_RNF2_array1_v1_rep2,1.0
TGCCA,11060,RNF2,B16,RNF2,array1,v1,rep2,B16_D10_RNF2_array1_v1_rep2,4.0
TTCCT,12033,RNF2,B16,RNF2,array1,v1,rep2,B16_D10_RNF2_array1_v1_rep2,7.0
ACAGT,40239,RNF2,B16,RNF2,array1,v2,rep2,B16_D10_RNF2_array1_v2_rep2,1.0
ACTCC,72063,RNF2,B16,RNF2,array1,v2,rep2,B16_D10_RNF2_array1_v2_rep2,8.0
ACTTA,51157,RNF2,B16,RNF2,array1,v2,rep2,B16_D10_RNF2_array1_v2_rep2,2.0
GTTCA,77931,RNF2,B16,RNF2,array1,v2,rep2,B16_D10_RNF2_array1_v2_rep2,5.0
None,44991,RNF2,B16,RNF2,array1,v2,rep2,B16_D10_RNF2_array1_v2_rep2,
Other,16080,RNF2,B16,RNF2,array1,v2,rep2,B16_D10_RNF2_array1_v2_rep2,
TATAT,90831,RNF2,B16,RNF2,array1,v2,rep2,B16_D10_RNF2_array1_v2_rep2,4.0
TCCAA,89512,RNF2,B16,RNF2,array1,v2,rep2,B16_D10_RNF2_array1_v2_rep2,7.0
TGCCA,95201,RNF2,B16,RNF2,array1,v2,rep2,B16_D10_RNF2_array1_v2_rep2,6.0
TTCCT,96254,RNF2,B16,RNF2,array1,v2,rep2,B16_D10_RNF2_array1_v2_rep2,3.0
ACAGT,45077,RNF2,B16,RNF2,array1,v2,rep1,B16_D10_RNF2_array1_v2_rep1,1.0
ACTCC,118979,RNF2,B16,RNF2,array1,v2,rep1,B16_D10_RNF2_array1_v2_rep1,8.0
ACTTA,68087,RNF2,B16,RNF2,array1,v2,rep1,B16_D10_RNF2_array1_v2_rep1,2.0
GTTCA,127739,RNF2,B16,RNF2,array1,v2,rep1,B16_D10_RNF2_array1_v2_rep1,5.0
None,93086,RNF2,B16,RNF2,array1,v2,rep1,B16_D10_RNF2_array1_v2_rep1,
Other,19542,RNF2,B16,RNF2,array1,v2,rep1,B16_D10_RNF2_array1_v2_rep1,
TATAT,122088,RNF2,B16,RNF2,array1,v2,rep1,B16_D10_RNF2_array1_v2_rep1,4.0
TCCAA,133730,RNF2,B16,RNF2,array1,v2,rep1,B16_D10_RNF2_array1_v2_rep1,7.0
TGCCA,153354,RNF2,B16,RNF2,array1,v2,rep1,B16_D10_RNF2_array1_v2_rep1,6.0
TTCCT,152672,RNF2,B16,RNF2,array1,v2,rep1,B16_D10_RNF2_array1_v2_rep1,3.0
ACAGT,60594,RNF2,B16,RNF2,array3,v2,rep1,B16_D10_RNF2_array3_v2_rep1,1.0
ACTCC,91745,RNF2,B16,RNF2,array3,v2,rep1,B16_D10_RNF2_array3_v2_rep1,7.0
ACTTA,66706,RNF2,B16,RNF2,array3,v2,rep1,B16_D10_RNF2_array3_v2_rep1,2.0
ATATC,137018,RNF2,B16,RNF2,array3,v2,rep1,B16_D10_RNF2_array3_v2_rep1,5.0
GTTCA,118690,RNF2,B16,RNF2,array3,v2,rep1,B16_D10_RNF2_array3_v2_rep1,8.0
None,71587,RNF2,B16,RNF2,array3,v2,rep1,B16_D10_RNF2_array3_v2_rep1,
Other,19975,RNF2,B16,RNF2,array3,v2,rep1,B16_D10_RNF2_array3_v2_rep1,
TATAT,112677,RNF2,B16,RNF2,array3,v2,rep1,B16_D10_RNF2_array3_v2_rep1,6.0
TCCAA,126430,RNF2,B16,RNF2,array3,v2,rep1,B16_D10_RNF2_array3_v2_rep1,4.0
TGCCA,113108,RNF2,B16,RNF2,array3,v2,rep1,B16_D10_RNF2_array3_v2_rep1,3.0
ACAGT,29523,RNF2,B16,RNF2,array3,v1,rep1,B16_D10_RNF2_array3_v1_rep1,1.0
ACTCC,22810,RNF2,B16,RNF2,array3,v1,rep1,B16_D10_RNF2_array3_v1_rep1,8.0
ACTTA,32204,RNF2,B16,RNF2,array3,v1,rep1,B16_D10_RNF2_array3_v1_rep1,2.0
ATTCT,49893,RNF2,B16,RNF2,array3,v1,rep1,B16_D10_RNF2_array3_v1_rep1,3.0
GCCTT,20319,RNF2,B16,RNF2,array3,v1,rep1,B16_D10_RNF2_array3_v1_rep1,5.0
GTCAG,16521,RNF2,B16,RNF2,array3,v1,rep1,B16_D10_RNF2_array3_v1_rep1,6.0
None,32245,RNF2,B16,RNF2,array3,v1,rep1,B16_D10_RNF2_array3_v1_rep1,
Other,3838,RNF2,B16,RNF2,array3,v1,rep1,B16_D10_RNF2_array3_v1_rep1,
TATAT,35283,RNF2,B16,RNF2,array3,v1,rep1,B16_D10_RNF2_array3_v1_rep1,4.0
TCCAA,38562,RNF2,B16,RNF2,array3,v1,rep1,B16_D10_RNF2_array3_v1_rep1,7.0
ACTGT,90397,RNF2,B16,RNF2,array2,v2,rep2,B16_D10_RNF2_array2_v2_rep2,1.0
AGGAA,130733,RNF2,B16,RNF2,array2,v2,rep2,B16_D10_RNF2_array2_v2_rep2,8.0
ATATA,152713,RNF2,B16,RNF2,array2,v2,rep2,B16_D10_RNF2_array2_v2_rep2,3.0
CGGCA,83479,RNF2,B16,RNF2,array2,v2,rep2,B16_D10_RNF2_array2_v2_rep2,7.0
GATAT,66108,RNF2,B16,RNF2,array2,v2,rep2,B16_D10_RNF2_array2_v2_rep2,6.0
GGAGT,67424,RNF2,B16,RNF2,array2,v2,rep2,B16_D10_RNF2_array2_v2_rep2,5.0
None,60366,RNF2,B16,RNF2,array2,v2,rep2,B16_D10_RNF2_array2_v2_rep2,
Other,19686,RNF2,B16,RNF2,array2,v2,rep2,B16_D10_RNF2_array2_v2_rep2,
TAAGT,78793,RNF2,B16,RNF2,array2,v2,rep2,B16_D10_RNF2_array2_v2_rep2,2.0
TTGGA,129451,RNF2,B16,RNF2,array2,v2,rep2,B16_D10_RNF2_array2_v2_rep2,4.0
ACAGT,4741,RNF2,B16,RNF2,array3,v1,rep2,B16_D10_RNF2_array3_v1_rep2,1.0
ACTCC,6973,RNF2,B16,RNF2,array3,v1,rep2,B16_D10_RNF2_array3_v1_rep2,8.0
ACTTA,9600,RNF2,B16,RNF2,array3,v1,rep2,B16_D10_RNF2_array3_v1_rep2,2.0
ATTCT,20243,RNF2,B16,RNF2,array3,v1,rep2,B16_D10_RNF2_array3_v1_rep2,3.0
GCCTT,5432,RNF2,B16,RNF2,array3,v1,rep2,B16_D10_RNF2_array3_v1_rep2,5.0
GTCAG,3445,RNF2,B16,RNF2,array3,v1,rep2,B16_D10_RNF2_array3_v1_rep2,6.0
None,66010,RNF2,B16,RNF2,array3,v1,rep2,B16_D10_RNF2_array3_v1_rep2,
Other,3819,RNF2,B16,RNF2,array3,v1,rep2,B16_D10_RNF2_array3_v1_rep2,
TATAT,16072,RNF2,B16,RNF2,array3,v1,rep2,B16_D10_RNF2_array3_v1_rep2,4.0
TCCAA,10144,RNF2,B16,RNF2,array3,v1,rep2,B16_D10_RNF2_array3_v1_rep2,7.0
ACAGT,59945,RNF2,B16,RNF2,array3,v2,rep2,B16_D10_RNF2_array3_v2_rep2,1.0
ACTCC,102367,RNF2,B16,RNF2,array3,v2,rep2,B16_D10_RNF2_array3_v2_rep2,7.0
ACTTA,72244,RNF2,B16,RNF2,array3,v2,rep2,B16_D10_RNF2_array3_v2_rep2,2.0
ATATC,161389,RNF2,B16,RNF2,array3,v2,rep2,B16_D10_RNF2_array3_v2_rep2,5.0
GTTCA,133380,RNF2,B16,RNF2,array3,v2,rep2,B16_D10_RNF2_array3_v2_rep2,8.0
None,62033,RNF2,B16,RNF2,array3,v2,rep2,B16_D10_RNF2_array3_v2_rep2,
Other,17528,RNF2,B16,RNF2,array3,v2,rep2,B16_D10_RNF2_array3_v2_rep2,
TATAT,128068,RNF2,B16,RNF2,array3,v2,rep2,B16_D10_RNF2_array3_v2_rep2,6.0
TCCAA,141414,RNF2,B16,RNF2,array3,v2,rep2,B16_D10_RNF2_array3_v2_rep2,4.0
TGCCA,139357,RNF2,B16,RNF2,array3,v2,rep2,B16_D10_RNF2_array3_v2_rep2,3.0
ACATT,41317,EMX1,B16,EMX1,array1,v1,rep1,B16_D10_EMX1_array1_v1_rep1,4.0
ATCAA,36878,EMX1,B16,EMX1,array1,v1,rep1,B16_D10_EMX1_array1_v1_rep1,8.0
CCCTA,10315,EMX1,B16,EMX1,array1,v1,rep1,B16_D10_EMX1_array1_v1_rep1,1.0
CCGAT,21910,EMX1,B16,EMX1,array1,v1,rep1,B16_D10_EMX1_array1_v1_rep1,7.0
CCTTT,24777,EMX1,B16,EMX1,array1,v1,rep1,B16_D10_EMX1_array1_v1_rep1,3.0
CTTCA,6386,EMX1,B16,EMX1,array1,v1,rep1,B16_D10_EMX1_array1_v1_rep1,6.0
GTCAT,37184,EMX1,B16,EMX1,array1,v1,rep1,B16_D10_EMX1_array1_v1_rep1,2.0
None,17359,EMX1,B16,EMX1,array1,v1,rep1,B16_D10_EMX1_array1_v1_rep1,
Other,4758,EMX1,B16,EMX1,array1,v1,rep1,B16_D10_EMX1_array1_v1_rep1,
TCCAT,70844,EMX1,B16,EMX1,array1,v1,rep1,B16_D10_EMX1_array1_v1_rep1,5.0
ACAAT,92167,EMX1,B16,EMX1,array1,v2,rep2,B16_D10_EMX1_array1_v2_rep2,2.0
AGTGT,35031,EMX1,B16,EMX1,array1,v2,rep2,B16_D10_EMX1_array1_v2_rep2,3.0
ATCAA,145370,EMX1,B16,EMX1,array1,v2,rep2,B16_D10_EMX1_array1_v2_rep2,4.0
ATTCG,33633,EMX1,B16,EMX1,array1,v2,rep2,B16_D10_EMX1_array1_v2_rep2,8.0
CAAAT,33673,EMX1,B16,EMX1,array1,v2,rep2,B16_D10_EMX1_array1_v2_rep2,5.0
CCCTA,125147,EMX1,B16,EMX1,array1,v2,rep2,B16_D10_EMX1_array1_v2_rep2,6.0
CCTTT,68204,EMX1,B16,EMX1,array1,v2,rep2,B16_D10_EMX1_array1_v2_rep2,7.0
GGACA,43916,EMX1,B16,EMX1,array1,v2,rep2,B16_D10_EMX1_array1_v2_rep2,1.0
None,39936,EMX1,B16,EMX1,array1,v2,rep2,B16_D10_EMX1_array1_v2_rep2,
Other,23560,EMX1,B16,EMX1,array1,v2,rep2,B16_D10_EMX1_array1_v2_rep2,
ACAAT,137792,EMX1,B16,EMX1,array1,v2,rep1,B16_D10_EMX1_array1_v2_rep1,2.0
AGTGT,53528,EMX1,B16,EMX1,array1,v2,rep1,B16_D10_EMX1_array1_v2_rep1,3.0
ATCAA,212960,EMX1,B16,EMX1,array1,v2,rep1,B16_D10_EMX1_array1_v2_rep1,4.0
ATTCG,60556,EMX1,B16,EMX1,array1,v2,rep1,B16_D10_EMX1_array1_v2_rep1,8.0
CAAAT,43837,EMX1,B16,EMX1,array1,v2,rep1,B16_D10_EMX1_array1_v2_rep1,5.0
CCCTA,179965,EMX1,B16,EMX1,array1,v2,rep1,B16_D10_EMX1_array1_v2_rep1,6.0
CCTTT,114734,EMX1,B16,EMX1,array1,v2,rep1,B16_D10_EMX1_array1_v2_rep1,7.0
GGACA,56878,EMX1,B16,EMX1,array1,v2,rep1,B16_D10_EMX1_array1_v2_rep1,1.0
None,65044,EMX1,B16,EMX1,array1,v2,rep1,B16_D10_EMX1_array1_v2_rep1,
Other,26019,EMX1,B16,EMX1,array1,v2,rep1,B16_D10_EMX1_array1_v2_rep1,
ACATT,14384,EMX1,B16,EMX1,array1,v1,rep2,B16_D10_EMX1_array1_v1_rep2,4.0
ATCAA,12979,EMX1,B16,EMX1,array1,v1,rep2,B16_D10_EMX1_array1_v1_rep2,8.0
CCCTA,3918,EMX1,B16,EMX1,array1,v1,rep2,B16_D10_EMX1_array1_v1_rep2,1.0
CCGAT,4458,EMX1,B16,EMX1,array1,v1,rep2,B16_D10_EMX1_array1_v1_rep2,7.0
CCTTT,6579,EMX1,B16,EMX1,array1,v1,rep2,B16_D10_EMX1_array1_v1_rep2,3.0
CTTCA,1315,EMX1,B16,EMX1,array1,v1,rep2,B16_D10_EMX1_array1_v1_rep2,6.0
GTCAT,10441,EMX1,B16,EMX1,array1,v1,rep2,B16_D10_EMX1_array1_v1_rep2,2.0
None,91374,EMX1,B16,EMX1,array1,v1,rep2,B16_D10_EMX1_array1_v1_rep2,
Other,4522,EMX1,B16,EMX1,array1,v1,rep2,B16_D10_EMX1_array1_v1_rep2,
TCCAT,20233,EMX1,B16,EMX1,array1,v1,rep2,B16_D10_EMX1_array1_v1_rep2,5.0
AGTAC,19161,EMX1,B16,EMX1,array3,v1,rep2,B16_D10_EMX1_array3_v1_rep2,2.0
AGTGT,8044,EMX1,B16,EMX1,array3,v1,rep2,B16_D10_EMX1_array3_v1_rep2,3.0
ATTCG,19381,EMX1,B16,EMX1,array3,v1,rep2,B16_D10_EMX1_array3_v1_rep2,8.0
CCCTA,22796,EMX1,B16,EMX1,array3,v1,rep2,B16_D10_EMX1_array3_v1_rep2,7.0
CCTTT,26821,EMX1,B16,EMX1,array3,v1,rep2,B16_D10_EMX1_array3_v1_rep2,6.0
CTGTT,6653,EMX1,B16,EMX1,array3,v1,rep2,B16_D10_EMX1_array3_v1_rep2,4.0
CTTCA,2312,EMX1,B16,EMX1,array3,v1,rep2,B16_D10_EMX1_array3_v1_rep2,1.0
GCACT,23346,EMX1,B16,EMX1,array3,v1,rep2,B16_D10_EMX1_array3_v1_rep2,5.0
None,41120,EMX1,B16,EMX1,array3,v1,rep2,B16_D10_EMX1_array3_v1_rep2,
Other,4271,EMX1,B16,EMX1,array3,v1,rep2,B16_D10_EMX1_array3_v1_rep2,
