site,edit,array,version,position
RNF2,TCCAA,array1,v1,1
RNF2,TATCA,array1,v1,2
RNF2,GTCAG,array1,v1,3
RNF2,TGCCA,array1,v1,4
RNF2,ATATT,array1,v1,5
RNF2,ACAGT,array1,v1,6
RNF2,TTCCT,array1,v1,7
RNF2,GTTCA,array1,v1,8
RNF2,GCTTC,array2,v1,1
RNF2,ATCGA,array2,v1,2
RNF2,ACAGT,array2,v1,3
RNF2,TGCCG,array2,v1,4
RNF2,TCTTT,array2,v1,5
RNF2,TCCAA,array2,v1,6
RNF2,GTCAG,array2,v1,7
RNF2,ATATC,array2,v1,8
RNF2,ACAGT,array3,v1,1
RNF2,ACTTA,array3,v1,2
RNF2,ATTCT,array3,v1,3
RNF2,TATAT,array3,v1,4
RNF2,GCCTT,array3,v1,5
RNF2,GTCAG,array3,v1,6
RNF2,TCCAA,array3,v1,7
RNF2,ACTCC,array3,v1,8
EMX1,CCCTA,array1,v1,1
EMX1,GTCAT,array1,v1,2
EMX1,CCTTT,array1,v1,3
EMX1,ACATT,array1,v1,4
EMX1,TCCAT,array1,v1,5
EMX1,CTTCA,array1,v1,6
EMX1,CCGAT,array1,v1,7
EMX1,ATCAA,array1,v1,8
EMX1,GGACA,array2,v1,1
EMX1,ACAAT,array2,v1,2
EMX1,CTTCA,array2,v1,3
EMX1,ATCCT,array2,v1,4
EMX1,CATGT,array2,v1,5
EMX1,CCCTA,array2,v1,6
EMX1,CCTTT,array2,v1,7
EMX1,CAAAT,array2,v1,8
EMX1,CTTCA,array3,v1,1
EMX1,AGTAC,array3,v1,2
EMX1,AGTGT,array3,v1,3
EMX1,CTGTT,array3,v1,4
EMX1,GCACT,array3,v1,5
EMX1,CCTTT,array3,v1,6
EMX1,CCCTA,array3,v1,7
EMX1,ATTCG,array3,v1,8
HEK3,CTCTC,array1,v1,1
HEK3,CACCA,array1,v1,2
HEK3,ATCAA,array1,v1,3
HEK3,CTAAG,array1,v1,4
HEK3,ATGCC,array1,v1,5
HEK3,GATAG,array1,v1,6
HEK3,CACAC,array1,v1,7
HEK3,CTTTG,array1,v1,8
HEK3,ATAGG,array2,v1,1
HEK3,CCCAC,array2,v1,2
HEK3,GATAG,array2,v1,3
HEK3,GCGCC,array2,v1,4
HEK3,AACCG,array2,v1,5
HEK3,CTCTC,array2,v1,6
HEK3,ATCAA,array2,v1,7
HEK3,ATTTA,array2,v1,8
HEK3,GATAG,array3,v1,1
HEK3,AATCG,array3,v1,2
HEK3,GCAAG,array3,v1,3
HEK3,ACCCG,array3,v1,4
HEK3,ACAGT,array3,v1,5
HEK3,ATCAA,array3,v1,6
HEK3,CTCTC,array3,v1,7
HEK3,ACGTT,array3,v1,8
RNF2,ACAGT,array1,v2,1
RNF2,ACTTA,array1,v2,2
RNF2,TTCCT,array1,v2,3
RNF2,TATAT,array1,v2,4
RNF2,GTTCA,array1,v2,5
RNF2,TGCCA,array1,v2,6
RNF2,TCCAA,array1,v2,7
RNF2,ACTCC,array1,v2,8
RNF2,ACTGT,array2,v2,1
RNF2,TAAGT,array2,v2,2
RNF2,ATATA,array2,v2,3
RNF2,TTGGA,array2,v2,4
RNF2,GGAGT,array2,v2,5
RNF2,GATAT,array2,v2,6
RNF2,CGGCA,array2,v2,7
RNF2,AGGAA,array2,v2,8
RNF2,ACAGT,array3,v2,1
RNF2,ACTTA,array3,v2,2
RNF2,TGCCA,array3,v2,3
RNF2,TCCAA,array3,v2,4
RNF2,ATATC,array3,v2,5
RNF2,TATAT,array3,v2,6
RNF2,ACTCC,array3,v2,7
RNF2,GTTCA,array3,v2,8
EMX1,GGACA,array1,v2,1
EMX1,ACAAT,array1,v2,2
EMX1,AGTGT,array1,v2,3
EMX1,ATCAA,array1,v2,4
EMX1,CAAAT,array1,v2,5
EMX1,CCCTA,array1,v2,6
EMX1,CCTTT,array1,v2,7
EMX1,ATTCG,array1,v2,8
EMX1,GGACA,array2,v2,1
EMX1,ACAAT,array2,v2,2
EMX1,CCCTA,array2,v2,3
EMX1,AGTAC,array2,v2,4
EMX1,CCGAT,array2,v2,5
EMX1,CCTTT,array2,v2,6
EMX1,ATCAA,array2,v2,7
EMX1,ATTCG,array2,v2,8
EMX1,GGACA,array3,v2,1
EMX1,ACAAT,array3,v2,2
EMX1,ATCAA,array3,v2,3
EMX1,CCCTA,array3,v2,4
EMX1,CTGTT,array3,v2,5
EMX1,AGTAC,array3,v2,6
EMX1,ATTCG,array3,v2,7
EMX1,CCTTT,array3,v2,8
HEK3,ATAGG,array1,v2,1
HEK3,CCCAC,array1,v2,2
HEK3,GCAAG,array1,v2,3
HEK3,GCGCC,array1,v2,4
HEK3,AACCG,array1,v2,5
HEK3,CTCTC,array1,v2,6
HEK3,ATCAA,array1,v2,7
HEK3,ATTTA,array1,v2,8
HEK3,GATAG,array2,v2,1
HEK3,AATCG,array2,v2,2
HEK3,GCAAG,array2,v2,3
HEK3,GCGCC,array2,v2,4
HEK3,CTTTG,array2,v2,5
HEK3,ATCAA,array2,v2,6
HEK3,CTCTC,array2,v2,7
HEK3,ATTTA,array2,v2,8
HEK3,GATAG,array3,v2,1
HEK3,AATCG,array3,v2,2
HEK3,CTCTC,array3,v2,3
HEK3,CTAAG,array3,v2,4
HEK3,GCAAG,array3,v2,5
HEK3,CTTTG,array3,v2,6
HEK3,ATCAA,array3,v2,7
HEK3,CACAC,array3,v2,8
RNF2,ACAGT,24mer,v1,1
RNF2,ACTTA,24mer,v1,2
RNF2,TTCCT,24mer,v1,3
RNF2,TATAT,24mer,v1,4
RNF2,GTTCA,24mer,v1,5
RNF2,TGCCA,24mer,v1,6
RNF2,TCCAA,24mer,v1,7
RNF2,ACTCC,24mer,v1,8
EMX1,GGACA,24mer,v1,1
EMX1,ACAAT,24mer,v1,2
EMX1,CCCTA,24mer,v1,3
EMX1,AGTAC,24mer,v1,4
EMX1,CCGAT,24mer,v1,5
EMX1,CCTTT,24mer,v1,6
EMX1,ATCAA,24mer,v1,7
EMX1,ATTCG,24mer,v1,8
HEK3,GATAG,24mer,v1,1
HEK3,AATCG,24mer,v1,2
HEK3,GCAAG,24mer,v1,3
HEK3,GCGCC,24mer,v1,4
HEK3,CTTTG,24mer,v1,5
HEK3,ATCAA,24mer,v1,6
HEK3,CTCTC,24mer,v1,7
HEK3,ATTTA,24mer,v1,8