clone,RNF2,HEK3,EMX1,intBC,intID
1,ACAGT,CTTTG,ACAAT,AGTCCACTGGCTAGGCTCGCGTTGCGATCT,intID232
1,TTCCT,GCAAG,CCTTT,CCCTACGGACTCATAAGGTTTTAGATGGGT,intID811
1,ACTCC,CTTTG,AGTAC,CGTCTTGTCCACTTACTTGTCTGGATCAGG,intID1077
1,TGCCA,CTCTC,CCTTT,AGGTCGCCTCAGCACTGTTCGCGATAGCGT,intID1224
1,TATAT,GATAG,GGACA,AGTCCAGCCTGGTTTTAACTGTGTATCATT,intID1243
1,TCCAA,CTTTG,ACAAT,TTTCCCCTTTTGGTCCATTTAATGGGCGCG,intID1283
1,TCCAA,GATAG,CCCTA,CGCCTATTGTGTTTTCTTGGGGTTTCTGCG,intID1631
1,TTCCT,ATCAA,ATCAA,CCGACTATGTTGTGTCTGACCATCAGTCCG,intID2054
2,ACAGT,ATCAA,ATCAA,CGAACTTCCCGTGTTTAGGGTACGGCTTGT,intID343
2,TTCCT,CTCTC,AGTAC,AGTCACCCCTTTTCCTCTGACAGAACCCGT,intID406
2,TGCCA,AATCG,ACAAT,CCGGTGTTAGAGCGTAGTGGTTTCCGCACG,intID493
2,GTTCA,ATCAA,GGACA,AATCGGACCTTCACGCCGGGTTGAGTGCAT,intID520
2,ACTTA,ATTTA,GGACA,TTTCGTTAAACATGAGAATTGGTAGTGATT,intID642
2,ACTTA,GCGCC,CCCTA,ATGATACCGGCGATCGCATTACAAAACCAT,intID812
2,TTCCT,GCGCC,ATTCG,ACGTTTTGTGGCCCACTCAACGTAGTCGAC,intID974
2,ACTCC,CTCTC,AGTAC,CGTTGTGTAAGAACCTTTCATTGGTCACGG,intID1011
2,TCCAA,ATCAA,ACAAT,GTTAGCACCTTCCTTTGTCGGAACGTGATT,intID1088
2,TTCCT,AATCG,CCTTT,GCCCATGGTCACTAGAAAGCATACCCTTCG,intID1250
2,TTCCT,CTTTG,GGACA,AACTGTGTCCTGTCCCATCCTTAGGCCGCC,intID1294
2,GTTCA,GCAAG,CCCTA,CCAAGCCTTTCTTGACAATTTGGCAATTTC,intID1330
2,ACAGT,GCAAG,GGACA,GGTATGACTTGGGGCTTGTGTCATATATGC,intID1427
2,ACAGT,CTCTC,GGACA,GTGGCTCCGGATAAGGCAGTGGATGGTATT,intID1469
2,TTCCT,CTTTG,ACAAT,CAAATCGCTTGGACAGTCGGTCATTCTAAA,intID1584
2,ACTCC,CTTTG,ACAAT,GGCCAAATAGTGTCTAGGAAGCACATTCAG,intID1684
2,ACTTA,ATCAA,ATCAA,TTAAACCGGCACGTTATTCCTTGGAACCTA,intID1862
2,ACTTA,CTCTC,AGTAC,,intID1882
2,TATAT,CTTTG,AGTAC,GTCCTCGTTGTTTTCGACTTCTTAATAGTC,intID2115
2,ACAGT,ATCAA,CCGAT,ACCTCTCTTGTCATTGGAGGTTGTACAATG,intID2129
3,None,None,None,TCTTGTTATCCCGAGTTGGGTTTCAGTAGG,intID618
3,None,None,None,AGTTCCCGGTCAGCTGAACTAGCGTTCCGT,intID628
4,None,None,None,AGTCCACTGGCTAGGCTCGCGTTGCGATCT,intID232
4,None,None,None,ACTTACAAGACCACAAGTGCCTCGTGTATT,intID249
4,None,None,None,CCCTACGGACTCATAAGGTTTTAGATGGGT,intID811
4,None,None,None,AGGTCGCCTCAGCACTGTTCGCGATAGCGT,intID1224
4,None,None,None,AGTCCAGCCTGGTTTTAACTGTGTATCATT,intID1243
4,None,None,None,TTTCCCCTTTTGGTCCATTTAATGGGCGCG,intID1283
4,None,None,None,,intID1631
4,None,None,None,ATTAAATCGCGTCACCTATTTTCATTGCGC,intID1919
4,None,None,None,CCGACTATGTTGTGTCTGACCATCAGTCCG,intID2054
