protospacer,peg_site,peg,pos,base,speed
GGCCCAGACTGAGCACGACT,HEK3,wt,,,WT
GAGTCCGAGCAGAAGAACTT,EMX1,wt,,,WT
GTCATCTTAGTCATTACGAC,RNF2,wt,,,WT
GACCCAGACTGAGCACGACT,HEK3,1,2.0,A,
GCCCCAGACTGAGCACGACT,HEK3,2,2.0,C,
GTCCCAGACTGAGCACGACT,HEK3,3,2.0,T,
GGACCAGACTGAGCACGACT,HEK3,4,3.0,A,
GGTCCAGACTGAGCACGACT,HEK3,5,3.0,T,
GGGCCAGACTGAGCACGACT,HEK3,6,3.0,G,
GGCACAGACTGAGCACGACT,HEK3,7,4.0,A,
GGCTCAGACTGAGCACGACT,HEK3,8,4.0,T,2-3 weeks
GGCGCAGACTGAGCACGACT,HEK3,9,4.0,G,
GGCCAAGACTGAGCACGACT,HEK3,10,5.0,A,
GGCCTAGACTGAGCACGACT,HEK3,11,5.0,T,
GGCCGAGACTGAGCACGACT,HEK3,12,5.0,G,
GGCCCCGACTGAGCACGACT,HEK3,13,6.0,C,
GGCCCTGACTGAGCACGACT,HEK3,14,6.0,T,
GGCCCGGACTGAGCACGACT,HEK3,15,6.0,G,
GGCCCAAACTGAGCACGACT,HEK3,16,7.0,A,
GGCCCACACTGAGCACGACT,HEK3,17,7.0,C,
GGCCCATACTGAGCACGACT,HEK3,18,7.0,T,
GGCCCAGCCTGAGCACGACT,HEK3,19,8.0,C,
GGCCCAGTCTGAGCACGACT,HEK3,20,8.0,T,
GGCCCAGGCTGAGCACGACT,HEK3,21,8.0,G,
GGCCCAGAATGAGCACGACT,HEK3,22,9.0,A,
GGCCCAGATTGAGCACGACT,HEK3,23,9.0,T,
GGCCCAGAGTGAGCACGACT,HEK3,24,9.0,G,
GGCCCAGACAGAGCACGACT,HEK3,25,10.0,A,
GGCCCAGACCGAGCACGACT,HEK3,26,10.0,C,
GGCCCAGACGGAGCACGACT,HEK3,27,10.0,G,
GGCCCAGACTAAGCACGACT,HEK3,28,11.0,A,
GGCCCAGACTCAGCACGACT,HEK3,29,11.0,C,4-6 weeks
GGCCCAGACTTAGCACGACT,HEK3,30,11.0,T,
GGCCCAGACTGCGCACGACT,HEK3,31,12.0,C,
GGCCCAGACTGTGCACGACT,HEK3,32,12.0,T,
GGCCCAGACTGGGCACGACT,HEK3,33,12.0,G,
GGCCCAGACTGAACACGACT,HEK3,34,13.0,A,
GGCCCAGACTGACCACGACT,HEK3,35,13.0,C,
GGCCCAGACTGATCACGACT,HEK3,36,13.0,T,
GGCCCAGACTGAGAACGACT,HEK3,37,14.0,A,
GGCCCAGACTGAGTACGACT,HEK3,38,14.0,T,
GGCCCAGACTGAGGACGACT,HEK3,39,14.0,G,
GGCCCAGACTGAGCCCGACT,HEK3,40,15.0,C,
GGCCCAGACTGAGCTCGACT,HEK3,41,15.0,T,
GGCCCAGACTGAGCGCGACT,HEK3,42,15.0,G,
GGCCCAGACTGAGCAAGACT,HEK3,43,16.0,A,
GGCCCAGACTGAGCATGACT,HEK3,44,16.0,T,
GGCCCAGACTGAGCAGGACT,HEK3,45,16.0,G,
GGCCCAGACTGAGCACAACT,HEK3,46,17.0,A,
GGCCCAGACTGAGCACCACT,HEK3,47,17.0,C,
GGCCCAGACTGAGCACTACT,HEK3,48,17.0,T,
GGCCCAGACTGAGCACGCCT,HEK3,49,18.0,C,
GGCCCAGACTGAGCACGTCT,HEK3,50,18.0,T,
GGCCCAGACTGAGCACGGCT,HEK3,51,18.0,G,
GGCCCAGACTGAGCACGAAT,HEK3,52,19.0,A,
GGCCCAGACTGAGCACGATT,HEK3,53,19.0,T,
GGCCCAGACTGAGCACGAGT,HEK3,54,19.0,G,
GGCCCAGACTGAGCACGACA,HEK3,55,20.0,A,
GGCCCAGACTGAGCACGACC,HEK3,56,20.0,C,
GGCCCAGACTGAGCACGACG,HEK3,57,20.0,G,
GCGTCCGAGCAGAAGAACTT,EMX1,1,2.0,C,
GTGTCCGAGCAGAAGAACTT,EMX1,2,2.0,T,
GGGTCCGAGCAGAAGAACTT,EMX1,3,2.0,G,
GAATCCGAGCAGAAGAACTT,EMX1,4,3.0,A,
GACTCCGAGCAGAAGAACTT,EMX1,5,3.0,C,
GATTCCGAGCAGAAGAACTT,EMX1,6,3.0,T,
GAGACCGAGCAGAAGAACTT,EMX1,7,4.0,A,
GAGCCCGAGCAGAAGAACTT,EMX1,8,4.0,C,
GAGGCCGAGCAGAAGAACTT,EMX1,9,4.0,G,
GAGTACGAGCAGAAGAACTT,EMX1,10,5.0,A,
GAGTTCGAGCAGAAGAACTT,EMX1,11,5.0,T,
GAGTGCGAGCAGAAGAACTT,EMX1,12,5.0,G,
GAGTCAGAGCAGAAGAACTT,EMX1,13,6.0,A,
GAGTCTGAGCAGAAGAACTT,EMX1,14,6.0,T,
GAGTCGGAGCAGAAGAACTT,EMX1,15,6.0,G,
GAGTCCAAGCAGAAGAACTT,EMX1,16,7.0,A,
GAGTCCCAGCAGAAGAACTT,EMX1,17,7.0,C,
GAGTCCTAGCAGAAGAACTT,EMX1,18,7.0,T,
GAGTCCGCGCAGAAGAACTT,EMX1,19,8.0,C,
GAGTCCGTGCAGAAGAACTT,EMX1,20,8.0,T,
GAGTCCGGGCAGAAGAACTT,EMX1,21,8.0,G,
GAGTCCGAACAGAAGAACTT,EMX1,22,9.0,A,
GAGTCCGACCAGAAGAACTT,EMX1,23,9.0,C,
GAGTCCGATCAGAAGAACTT,EMX1,24,9.0,T,
GAGTCCGAGAAGAAGAACTT,EMX1,25,10.0,A,
GAGTCCGAGTAGAAGAACTT,EMX1,26,10.0,T,
GAGTCCGAGGAGAAGAACTT,EMX1,27,10.0,G,
GAGTCCGAGCCGAAGAACTT,EMX1,28,11.0,C,
GAGTCCGAGCTGAAGAACTT,EMX1,29,11.0,T,
GAGTCCGAGCGGAAGAACTT,EMX1,30,11.0,G,
GAGTCCGAGCAAAAGAACTT,EMX1,31,12.0,A,
GAGTCCGAGCACAAGAACTT,EMX1,32,12.0,C,
GAGTCCGAGCATAAGAACTT,EMX1,33,12.0,T,
GAGTCCGAGCAGCAGAACTT,EMX1,34,13.0,C,2-3 weeks
GAGTCCGAGCAGTAGAACTT,EMX1,35,13.0,T,
GAGTCCGAGCAGGAGAACTT,EMX1,36,13.0,G,
GAGTCCGAGCAGACGAACTT,EMX1,37,14.0,C,
GAGTCCGAGCAGATGAACTT,EMX1,38,14.0,T,
GAGTCCGAGCAGAGGAACTT,EMX1,39,14.0,G,
GAGTCCGAGCAGAAAAACTT,EMX1,40,15.0,A,
GAGTCCGAGCAGAACAACTT,EMX1,41,15.0,C,
GAGTCCGAGCAGAATAACTT,EMX1,42,15.0,T,
GAGTCCGAGCAGAAGCACTT,EMX1,43,16.0,C,
GAGTCCGAGCAGAAGTACTT,EMX1,44,16.0,T,
GAGTCCGAGCAGAAGGACTT,EMX1,45,16.0,G,
GAGTCCGAGCAGAAGACCTT,EMX1,46,17.0,C,4-6 weeks
GAGTCCGAGCAGAAGATCTT,EMX1,47,17.0,T,
GAGTCCGAGCAGAAGAGCTT,EMX1,48,17.0,G,
GAGTCCGAGCAGAAGAAATT,EMX1,49,18.0,A,
GAGTCCGAGCAGAAGAATTT,EMX1,50,18.0,T,
GAGTCCGAGCAGAAGAAGTT,EMX1,51,18.0,G,
GAGTCCGAGCAGAAGAACAT,EMX1,52,19.0,A,
GAGTCCGAGCAGAAGAACCT,EMX1,53,19.0,C,
GAGTCCGAGCAGAAGAACGT,EMX1,54,19.0,G,
GAGTCCGAGCAGAAGAACTA,EMX1,55,20.0,A,
GAGTCCGAGCAGAAGAACTC,EMX1,56,20.0,C,
GAGTCCGAGCAGAAGAACTG,EMX1,57,20.0,G,
GACATCTTAGTCATTACGAC,RNF2,1,2.0,A,
GCCATCTTAGTCATTACGAC,RNF2,2,2.0,C,
GGCATCTTAGTCATTACGAC,RNF2,3,2.0,G,
GTAATCTTAGTCATTACGAC,RNF2,4,3.0,A,
GTTATCTTAGTCATTACGAC,RNF2,5,3.0,T,
GTGATCTTAGTCATTACGAC,RNF2,6,3.0,G,
GTCCTCTTAGTCATTACGAC,RNF2,7,4.0,C,
GTCTTCTTAGTCATTACGAC,RNF2,8,4.0,T,
GTCGTCTTAGTCATTACGAC,RNF2,9,4.0,G,
GTCAACTTAGTCATTACGAC,RNF2,10,5.0,A,
GTCACCTTAGTCATTACGAC,RNF2,11,5.0,C,
GTCAGCTTAGTCATTACGAC,RNF2,12,5.0,G,
GTCATATTAGTCATTACGAC,RNF2,13,6.0,A,
GTCATTTTAGTCATTACGAC,RNF2,14,6.0,T,
GTCATGTTAGTCATTACGAC,RNF2,15,6.0,G,
GTCATCATAGTCATTACGAC,RNF2,16,7.0,A,
GTCATCCTAGTCATTACGAC,RNF2,17,7.0,C,
GTCATCGTAGTCATTACGAC,RNF2,18,7.0,G,
GTCATCTAAGTCATTACGAC,RNF2,19,8.0,A,
GTCATCTCAGTCATTACGAC,RNF2,20,8.0,C,
GTCATCTGAGTCATTACGAC,RNF2,21,8.0,G,
GTCATCTTCGTCATTACGAC,RNF2,22,9.0,C,
GTCATCTTTGTCATTACGAC,RNF2,23,9.0,T,
GTCATCTTGGTCATTACGAC,RNF2,24,9.0,G,
GTCATCTTAATCATTACGAC,RNF2,25,10.0,A,
GTCATCTTACTCATTACGAC,RNF2,26,10.0,C,
GTCATCTTATTCATTACGAC,RNF2,27,10.0,T,
GTCATCTTAGACATTACGAC,RNF2,28,11.0,A,
GTCATCTTAGCCATTACGAC,RNF2,29,11.0,C,
GTCATCTTAGGCATTACGAC,RNF2,30,11.0,G,
GTCATCTTAGTAATTACGAC,RNF2,31,12.0,A,
GTCATCTTAGTTATTACGAC,RNF2,32,12.0,T,2-3 weeks
GTCATCTTAGTGATTACGAC,RNF2,33,12.0,G,
GTCATCTTAGTCCTTACGAC,RNF2,34,13.0,C,
GTCATCTTAGTCTTTACGAC,RNF2,35,13.0,T,
GTCATCTTAGTCGTTACGAC,RNF2,36,13.0,G,
GTCATCTTAGTCAATACGAC,RNF2,37,14.0,A,
GTCATCTTAGTCACTACGAC,RNF2,38,14.0,C,
GTCATCTTAGTCAGTACGAC,RNF2,39,14.0,G,
GTCATCTTAGTCATAACGAC,RNF2,40,15.0,A,
GTCATCTTAGTCATCACGAC,RNF2,41,15.0,C,
GTCATCTTAGTCATGACGAC,RNF2,42,15.0,G,
GTCATCTTAGTCATTCCGAC,RNF2,43,16.0,C,
GTCATCTTAGTCATTTCGAC,RNF2,44,16.0,T,
GTCATCTTAGTCATTGCGAC,RNF2,45,16.0,G,4-6 weeks
GTCATCTTAGTCATTAAGAC,RNF2,46,17.0,A,
GTCATCTTAGTCATTATGAC,RNF2,47,17.0,T,
GTCATCTTAGTCATTAGGAC,RNF2,48,17.0,G,
GTCATCTTAGTCATTACAAC,RNF2,49,18.0,A,
GTCATCTTAGTCATTACCAC,RNF2,50,18.0,C,
GTCATCTTAGTCATTACTAC,RNF2,51,18.0,T,
GTCATCTTAGTCATTACGCC,RNF2,52,19.0,C,
GTCATCTTAGTCATTACGTC,RNF2,53,19.0,T,
GTCATCTTAGTCATTACGGC,RNF2,54,19.0,G,
GTCATCTTAGTCATTACGAA,RNF2,55,20.0,A,
GTCATCTTAGTCATTACGAT,RNF2,56,20.0,T,
GTCATCTTAGTCATTACGAG,RNF2,57,20.0,G,
