site,insert,within_10%,final_20,final_8
EMX1,None,TRUE,TRUE,TRUE
EMX1,GGCAG,FALSE,FALSE,FALSE
EMX1,ACCAT,TRUE,FALSE,FALSE
EMX1,CATCG,TRUE,FALSE,FALSE
EMX1,ACTCG,TRUE,FALSE,FALSE
EMX1,CCTTG,TRUE,FALSE,FALSE
EMX1,CCGTT,TRUE,FALSE,FALSE
EMX1,AGTGT,TRUE,TRUE,FALSE
EMX1,CCTTT,TRUE,TRUE,TRUE
EMX1,ACACG,TRUE,FALSE,FALSE
EMX1,CTTAT,TRUE,FALSE,FALSE
EMX1,CCGAT,TRUE,TRUE,TRUE
EMX1,CCCAT,TRUE,FALSE,FALSE
EMX1,TCCAT,TRUE,TRUE,FALSE
EMX1,CACAT,FALSE,FALSE,FALSE
EMX1,AGCGT,TRUE,FALSE,FALSE
EMX1,ATCGT,FALSE,FALSE,FALSE
EMX1,CCATT,TRUE,FALSE,FALSE
EMX1,CCTTA,FALSE,FALSE,FALSE
EMX1,CCCTT,FALSE,FALSE,FALSE
EMX1,CATAT,FALSE,FALSE,FALSE
EMX1,CTAAT,TRUE,FALSE,FALSE
EMX1,ACCTA,FALSE,FALSE,FALSE
EMX1,GTGAT,TRUE,FALSE,FALSE
EMX1,CTTCG,FALSE,FALSE,FALSE
EMX1,ATGAT,FALSE,FALSE,FALSE
EMX1,TCTCG,TRUE,FALSE,FALSE
EMX1,ACCAA,TRUE,FALSE,FALSE
EMX1,CCATA,FALSE,FALSE,FALSE
EMX1,CTCAT,FALSE,FALSE,FALSE
EMX1,CTTGT,FALSE,FALSE,FALSE
EMX1,CCAAT,FALSE,FALSE,FALSE
EMX1,CACCG,FALSE,FALSE,FALSE
EMX1,CCTCG,FALSE,FALSE,FALSE
EMX1,ACTTT,FALSE,FALSE,FALSE
EMX1,ATCAT,TRUE,FALSE,FALSE
EMX1,CATTT,TRUE,FALSE,FALSE
EMX1,ATCCA,TRUE,FALSE,FALSE
EMX1,CTCAA,FALSE,FALSE,FALSE
EMX1,CCACG,TRUE,FALSE,FALSE
EMX1,ACTTG,FALSE,FALSE,FALSE
EMX1,CACAA,TRUE,FALSE,FALSE
EMX1,ACCGT,TRUE,FALSE,FALSE
EMX1,ATCAA,TRUE,TRUE,TRUE
EMX1,TTCAT,TRUE,FALSE,FALSE
EMX1,GCACG,TRUE,FALSE,FALSE
EMX1,CTTTG,TRUE,FALSE,FALSE
EMX1,CATTG,TRUE,FALSE,FALSE
EMX1,GCTTG,TRUE,TRUE,FALSE
EMX1,ACGAT,FALSE,FALSE,FALSE
EMX1,CACTA,TRUE,FALSE,FALSE
EMX1,GACGT,TRUE,TRUE,FALSE
EMX1,ATTCG,TRUE,TRUE,TRUE
EMX1,ACCTT,FALSE,FALSE,FALSE
EMX1,CATGT,TRUE,TRUE,FALSE
EMX1,ACTGT,FALSE,FALSE,FALSE
EMX1,CATCA,TRUE,FALSE,FALSE
EMX1,GCTTT,TRUE,FALSE,FALSE
EMX1,ACATA,TRUE,FALSE,FALSE
EMX1,TCACG,TRUE,FALSE,FALSE
EMX1,GCCTA,TRUE,FALSE,FALSE
EMX1,TGCCG,TRUE,FALSE,FALSE
EMX1,AGCCG,TRUE,FALSE,FALSE
EMX1,CCCAA,TRUE,FALSE,FALSE
EMX1,CTTTT,FALSE,FALSE,FALSE
EMX1,CCTGT,FALSE,FALSE,FALSE
EMX1,CCTAT,FALSE,FALSE,FALSE
EMX1,ACTCA,FALSE,FALSE,FALSE
EMX1,CACGT,TRUE,FALSE,FALSE
EMX1,TTTCG,FALSE,FALSE,FALSE
EMX1,CGCCG,FALSE,FALSE,FALSE
EMX1,TACCA,FALSE,FALSE,FALSE
EMX1,GCCAT,TRUE,FALSE,FALSE
EMX1,CCCTA,TRUE,TRUE,TRUE
EMX1,CCGTA,TRUE,FALSE,FALSE
EMX1,ACATT,TRUE,TRUE,FALSE
EMX1,ACGTA,TRUE,FALSE,FALSE
EMX1,TCCAA,TRUE,FALSE,FALSE
EMX1,CAAAT,TRUE,TRUE,FALSE
EMX1,GTCAT,TRUE,TRUE,FALSE
EMX1,GGACA,TRUE,TRUE,TRUE
EMX1,TCCTT,FALSE,FALSE,FALSE
EMX1,GGATG,FALSE,FALSE,FALSE
EMX1,GTTCG,TRUE,FALSE,FALSE
EMX1,CATTA,TRUE,FALSE,FALSE
EMX1,TCCTA,TRUE,FALSE,FALSE
EMX1,CTTCA,TRUE,TRUE,FALSE
EMX1,CAACG,TRUE,FALSE,FALSE
EMX1,ATCCT,TRUE,TRUE,FALSE
EMX1,CTATA,TRUE,FALSE,FALSE
EMX1,ACTCT,FALSE,FALSE,FALSE
EMX1,ACAAT,TRUE,TRUE,TRUE
EMX1,CTGTT,TRUE,TRUE,FALSE
EMX1,GCACT,TRUE,TRUE,FALSE
EMX1,TTCCA,TRUE,FALSE,FALSE
EMX1,AGTAC,TRUE,TRUE,TRUE
EMX1,GTCAG,TRUE,FALSE,FALSE
HEK3,None,TRUE,TRUE,TRUE
HEK3,ACGCC,TRUE,FALSE,FALSE
HEK3,ACCAG,TRUE,FALSE,FALSE
HEK3,ACTCC,TRUE,FALSE,FALSE
HEK3,ACCAC,TRUE,FALSE,FALSE
HEK3,ACCAT,TRUE,FALSE,FALSE
HEK3,ACTTT,TRUE,FALSE,FALSE
HEK3,ACCGG,FALSE,FALSE,FALSE
HEK3,GCGCC,TRUE,TRUE,TRUE
HEK3,ACCCA,TRUE,FALSE,FALSE
HEK3,ACTCA,FALSE,FALSE,FALSE
HEK3,ACCCG,TRUE,TRUE,FALSE
HEK3,ATGCC,TRUE,TRUE,FALSE
HEK3,ACCGA,TRUE,FALSE,FALSE
HEK3,ACACC,TRUE,FALSE,FALSE
HEK3,ACTTC,TRUE,FALSE,FALSE
HEK3,ATCCG,TRUE,FALSE,FALSE
HEK3,CTCTC,TRUE,TRUE,TRUE
HEK3,ACGCA,TRUE,FALSE,FALSE
HEK3,CCTAG,TRUE,FALSE,FALSE
HEK3,CCCCG,TRUE,FALSE,FALSE
HEK3,ACTAC,TRUE,FALSE,FALSE
HEK3,CTTAG,FALSE,FALSE,FALSE
HEK3,CTTCG,FALSE,FALSE,FALSE
HEK3,ACCCC,TRUE,FALSE,FALSE
HEK3,ATCAG,TRUE,FALSE,FALSE
HEK3,ACAGG,TRUE,FALSE,FALSE
HEK3,AACTC,TRUE,FALSE,FALSE
HEK3,CACAG,TRUE,FALSE,FALSE
HEK3,ACCTC,FALSE,FALSE,FALSE
HEK3,ACGTC,TRUE,FALSE,FALSE
HEK3,AACAG,TRUE,FALSE,FALSE
HEK3,ACCAA,TRUE,FALSE,FALSE
HEK3,ACAAG,TRUE,FALSE,FALSE
HEK3,AACCA,TRUE,FALSE,FALSE
HEK3,CTTTA,TRUE,FALSE,FALSE
HEK3,ACTCT,TRUE,FALSE,FALSE
HEK3,CTCCG,TRUE,FALSE,FALSE
HEK3,ACGCT,FALSE,FALSE,FALSE
HEK3,ACGTT,TRUE,TRUE,FALSE
HEK3,ACTCG,TRUE,FALSE,FALSE
HEK3,CACAC,TRUE,TRUE,FALSE
HEK3,ACAAC,TRUE,FALSE,FALSE
HEK3,ACGTA,TRUE,FALSE,FALSE
HEK3,ATCTC,TRUE,FALSE,FALSE
HEK3,ACAGT,TRUE,TRUE,FALSE
HEK3,AACAC,TRUE,FALSE,FALSE
HEK3,CACCG,TRUE,FALSE,FALSE
HEK3,ACCCT,TRUE,FALSE,FALSE
HEK3,ACTAT,TRUE,FALSE,FALSE
HEK3,ACTGG,TRUE,FALSE,FALSE
HEK3,AATGG,TRUE,FALSE,FALSE
HEK3,ATCGA,TRUE,FALSE,FALSE
HEK3,CTTTG,TRUE,TRUE,TRUE
HEK3,GACAG,TRUE,FALSE,FALSE
HEK3,CCCAC,TRUE,TRUE,FALSE
HEK3,ACACA,TRUE,FALSE,FALSE
HEK3,ACTAA,TRUE,FALSE,FALSE
HEK3,ACATA,TRUE,FALSE,FALSE
HEK3,ATCGG,TRUE,FALSE,FALSE
HEK3,ACCTA,TRUE,FALSE,FALSE
HEK3,CTTCA,TRUE,FALSE,FALSE
HEK3,CCCAA,TRUE,FALSE,FALSE
HEK3,ATTGG,TRUE,FALSE,FALSE
HEK3,CACCA,TRUE,TRUE,FALSE
HEK3,ATCAA,TRUE,TRUE,TRUE
HEK3,ACCTG,TRUE,FALSE,FALSE
HEK3,ATCCA,TRUE,FALSE,FALSE
HEK3,ATTTA,TRUE,TRUE,TRUE
HEK3,ACATC,FALSE,FALSE,FALSE
HEK3,CCCAG,TRUE,FALSE,FALSE
HEK3,AATCG,TRUE,TRUE,TRUE
HEK3,ACGAT,TRUE,FALSE,FALSE
HEK3,GATAG,TRUE,TRUE,TRUE
HEK3,ACCGC,TRUE,FALSE,FALSE
HEK3,ATCAC,TRUE,FALSE,FALSE
HEK3,CTCAC,TRUE,FALSE,FALSE
HEK3,ACGCG,TRUE,FALSE,FALSE
HEK3,AACCG,TRUE,TRUE,FALSE
HEK3,ATCTG,FALSE,FALSE,FALSE
HEK3,ATAGG,TRUE,TRUE,FALSE
HEK3,ACCTT,TRUE,FALSE,FALSE
HEK3,CTAAG,TRUE,TRUE,FALSE
HEK3,ACAAA,FALSE,FALSE,FALSE
HEK3,ACTGT,TRUE,TRUE,FALSE
HEK3,CTCTG,TRUE,FALSE,FALSE
HEK3,GCTAG,TRUE,FALSE,FALSE
HEK3,ACGGT,TRUE,TRUE,FALSE
HEK3,CTCCA,TRUE,FALSE,FALSE
HEK3,GCAAG,TRUE,TRUE,TRUE
HEK3,ACTTA,TRUE,FALSE,FALSE
HEK3,ACGAC,TRUE,FALSE,FALSE
HEK3,ACGGA,TRUE,FALSE,FALSE
HEK3,AATAG,TRUE,FALSE,FALSE
HEK3,GTCAG,TRUE,FALSE,FALSE
RNF2,None,TRUE,TRUE,TRUE
RNF2,GCTTT,FALSE,FALSE,FALSE
RNF2,ACTTT,FALSE,FALSE,FALSE
RNF2,TCCCA,TRUE,FALSE,FALSE
RNF2,GCTCA,TRUE,FALSE,FALSE
RNF2,GCCAT,TRUE,FALSE,FALSE
RNF2,GCTCT,FALSE,FALSE,FALSE
RNF2,TCCAT,FALSE,FALSE,FALSE
RNF2,TATCA,TRUE,TRUE,FALSE
RNF2,TCTTT,TRUE,TRUE,FALSE
RNF2,GCTAC,TRUE,FALSE,FALSE
RNF2,GCCTC,FALSE,FALSE,FALSE
RNF2,ACTCA,FALSE,FALSE,FALSE
RNF2,TCCTT,TRUE,FALSE,FALSE
RNF2,GCTCC,TRUE,FALSE,FALSE
RNF2,GCCCA,TRUE,FALSE,FALSE
RNF2,ACATT,TRUE,FALSE,FALSE
RNF2,GCCAC,TRUE,FALSE,FALSE
RNF2,GCCCC,TRUE,FALSE,FALSE
RNF2,GCTAT,TRUE,FALSE,FALSE
RNF2,TCTCA,TRUE,FALSE,FALSE
RNF2,TCCCG,TRUE,FALSE,FALSE
RNF2,GCTTC,TRUE,TRUE,FALSE
RNF2,TTTTT,FALSE,FALSE,FALSE
RNF2,TCCAC,TRUE,FALSE,FALSE
RNF2,GCTCG,TRUE,FALSE,FALSE
RNF2,ACGCC,TRUE,FALSE,FALSE
RNF2,GCCAA,TRUE,FALSE,FALSE
RNF2,ACTCC,TRUE,TRUE,TRUE
RNF2,ATCCT,TRUE,FALSE,FALSE
RNF2,GCTAA,FALSE,FALSE,FALSE
RNF2,ATAGA,FALSE,FALSE,FALSE
RNF2,TTCCA,FALSE,FALSE,FALSE
RNF2,ACTTC,FALSE,FALSE,FALSE
RNF2,TGCCT,TRUE,FALSE,FALSE
RNF2,TCCAA,TRUE,TRUE,TRUE
RNF2,ATCCA,TRUE,FALSE,FALSE
RNF2,ATAAT,TRUE,TRUE,FALSE
RNF2,ACATC,TRUE,FALSE,FALSE
RNF2,ACTAT,FALSE,FALSE,FALSE
RNF2,GTTCA,TRUE,TRUE,TRUE
RNF2,GCTTA,TRUE,FALSE,FALSE
RNF2,CGCCA,FALSE,FALSE,FALSE
RNF2,TCCCT,TRUE,FALSE,FALSE
RNF2,ACAAT,FALSE,FALSE,FALSE
RNF2,GCCGC,TRUE,FALSE,FALSE
RNF2,ACGCA,TRUE,FALSE,FALSE
RNF2,TTCAT,FALSE,FALSE,FALSE
RNF2,GCAAC,TRUE,FALSE,FALSE
RNF2,ATCAT,FALSE,FALSE,FALSE
RNF2,ATATT,TRUE,TRUE,FALSE
RNF2,ACAGA,FALSE,FALSE,FALSE
RNF2,ACACA,TRUE,FALSE,FALSE
RNF2,GTAAC,FALSE,FALSE,FALSE
RNF2,AGCTT,FALSE,FALSE,FALSE
RNF2,TGCCA,TRUE,TRUE,TRUE
RNF2,TTCCT,TRUE,TRUE,TRUE
RNF2,GCCCT,FALSE,FALSE,FALSE
RNF2,ACAGT,TRUE,TRUE,TRUE
RNF2,ATCCC,TRUE,FALSE,FALSE
RNF2,TACAT,TRUE,FALSE,FALSE
RNF2,ATTCA,FALSE,FALSE,FALSE
RNF2,ATCGA,TRUE,TRUE,FALSE
RNF2,GCTTG,TRUE,FALSE,FALSE
RNF2,TCCTC,FALSE,FALSE,FALSE
RNF2,ACGCT,TRUE,FALSE,FALSE
RNF2,ATACC,FALSE,FALSE,FALSE
RNF2,ACTCT,TRUE,FALSE,FALSE
RNF2,TATAT,TRUE,TRUE,TRUE
RNF2,TCTTA,TRUE,FALSE,FALSE
RNF2,AATCA,FALSE,FALSE,FALSE
RNF2,ACTTA,TRUE,TRUE,TRUE
RNF2,ACGTT,FALSE,FALSE,FALSE
RNF2,ATATC,TRUE,TRUE,FALSE
RNF2,ATTCT,TRUE,TRUE,FALSE
RNF2,TCGCC,TRUE,FALSE,FALSE
RNF2,GCCTT,TRUE,TRUE,FALSE
RNF2,ACGTC,FALSE,FALSE,FALSE
RNF2,ACTCG,TRUE,FALSE,FALSE
RNF2,TCTCG,TRUE,FALSE,FALSE
RNF2,GTCCA,TRUE,FALSE,FALSE
RNF2,AGCAT,TRUE,TRUE,FALSE
RNF2,TATTA,FALSE,FALSE,FALSE
RNF2,TGCCG,TRUE,TRUE,FALSE
RNF2,TCTAT,TRUE,FALSE,FALSE
RNF2,GTCAG,TRUE,TRUE,FALSE